"PERIOD_BEGIN"	"PERIOD_END"	"PERIOD_DURATION"	"REGION_TYPE"	"REGION_TYPE_ID"	"TABLE_ID"	"IS_SEASONALLY_ADJUSTED"	"REGION"	"CITY"	"STATE"	"STATE_CODE"	"PROPERTY_TYPE"	"PROPERTY_TYPE_ID"	"MEDIAN_SALE_PRICE"	"MEDIAN_SALE_PRICE_MOM"	"MEDIAN_SALE_PRICE_YOY"	"MEDIAN_LIST_PRICE"	"MEDIAN_LIST_PRICE_MOM"	"MEDIAN_LIST_PRICE_YOY"	"MEDIAN_PPSF"	"MEDIAN_PPSF_MOM"	"MEDIAN_PPSF_YOY"	"MEDIAN_LIST_PPSF"	"MEDIAN_LIST_PPSF_MOM"	"MEDIAN_LIST_PPSF_YOY"	"HOMES_SOLD"	"HOMES_SOLD_MOM"	"HOMES_SOLD_YOY"	"PENDING_SALES"	"PENDING_SALES_MOM"	"PENDING_SALES_YOY"	"NEW_LISTINGS"	"NEW_LISTINGS_MOM"	"NEW_LISTINGS_YOY"	"INVENTORY"	"INVENTORY_MOM"	"INVENTORY_YOY"	"MONTHS_OF_SUPPLY"	"MONTHS_OF_SUPPLY_MOM"	"MONTHS_OF_SUPPLY_YOY"	"MEDIAN_DOM"	"MEDIAN_DOM_MOM"	"MEDIAN_DOM_YOY"	"AVG_SALE_TO_LIST"	"AVG_SALE_TO_LIST_MOM"	"AVG_SALE_TO_LIST_YOY"	"SOLD_ABOVE_LIST"	"SOLD_ABOVE_LIST_MOM"	"SOLD_ABOVE_LIST_YOY"	"PRICE_DROPS"	"PRICE_DROPS_MOM"	"PRICE_DROPS_YOY"	"OFF_MARKET_IN_TWO_WEEKS"	"OFF_MARKET_IN_TWO_WEEKS_MOM"	"OFF_MARKET_IN_TWO_WEEKS_YOY"	"PARENT_METRO_REGION"	"PARENT_METRO_REGION_METRO_CODE"	"LAST_UPDATED"
"2025-03-01"	"2025-03-31"	30	"state"	4	28	false	"Rhode Island"	""	"Rhode Island"	"RI"	"All Residential"	-1	503000	0.02548966635	0.07264766555	527000	0.03563021736	0.0336187036	290	0.01161812278	0.06317070426	298	0.02476896954	0.05303104126	767	0.2491856678	-0.005188067445	1007	0.3700680272	0.06560846561	1222	0.5255930087	0.245667686	1640	0.1452513966	0.2528647823	2.1	-0.2	0.4	33	-9	3	1.002658532	0.004468151734	-0.005233958105	0.4680573664	0.06414857157	-0.04556131068	0.1615853659	0.00865240496	0.03477100375	0.5287525417	0.05809760124	-0.07593899066	"Northeast Region"	NA	"2026-03-16 16:20:34.997 Z"
"2026-02-01"	"2026-02-28"	30	"state"	4	36	false	"Texas"	""	"Texas"	"TX"	"Condo/Co-op"	3	248800	0.05243510406	-0.05439964609	407100	0.07429610624	0.008366084527	214	0.01393119565	-0.06524418993	214	0.05196926791	-0.009069109256	513	0.0490797546	-0.1349072513	744	0.05832147937	-0.05941845765	1487	0.08937728938	-0.06419131529	5729	0.04031232976	0.00122334848	11.2	-0.1	1.6	126	13	28	0.9514257277	0.001283468861	-0.008369928649	0.05458089669	0.01368110119	-0.007813707024	0.2052714261	0.01496817567	0.008836613075	0.1694470387	0.04416796821	-0.01845061004	"South Region"	NA	"2026-03-16 16:20:34.997 Z"
"2022-12-01"	"2022-12-31"	30	"state"	4	35	false	"Kansas"	""	"Kansas"	"KS"	"Townhouse"	13	214000	-0.1119470403	-0.01474320037	347900	0.03262559923	0.1024344366	141	-0.0394370672	0.004472758531	177	0.03265242973	0.1217779567	59	-0.2625	-0.404040404	10	-0.3333333333	-0.3333333333	39	-0.22	-0.3709677419	17	-0.15	-0.2916666667	0.3	0	0.1	20	2	-4	0.9395973154	-0.06094950616	-0.04790268456	0	-0.05263157895	0	0.2352941176	0.1352941176	NA	0.4807692308	-0.0258974359	0.04426129426	"Midwest Region"	NA	"2026-03-16 16:20:34.997 Z"
"2014-07-01"	"2014-07-31"	30	"state"	4	41	false	"Maine"	""	"Maine"	"ME"	"Single Family Residential"	6	141700	-0.01917394471	0.01105643715	149100	-0.07467845857	-0.04700804674	92	-0.01741877255	0.002130147004	99	-0.08631926195	0.007628165654	472	-0.03476482618	-0.01666666667	472	-0.03476482618	-0.01666666667	698	-0.1630695444	0.1518151815	3596	0.03780663781	0.1463181383	7.6	0.5	1.1	152	-25	5	0.9315017622	0.001222178181	-0.0001733297105	0.07203389831	-0.01590066202	0.007450564972	NA	NA	NA	0.006875963896	0.003179672809	0.006875963896	"Northeast Region"	NA	"2026-03-16 16:20:34.997 Z"
"2024-06-01"	"2024-06-30"	30	"state"	4	9	false	"California"	""	"California"	"CA"	"Multi-Family (2-4 Unit)"	4	1027500	0.04736275587	0.05109279993	883100	-0.03924026681	0.04218315397	515	0.105050662	0.1247143112	553	-0.03340716793	0.03449842677	746	-0.09466019417	-0.005333333333	924	-0.1123919308	-0.07876370887	1360	-0.06529209622	0.1544991511	4087	0.06989528796	0.3247974068	5.5	0.9	1.4	43	2	3	0.9848889112	-0.0003384625948	-0.002204055216	0.2949061662	-0.04611325126	-0.04509383378	0.190359677	-0.01409058476	-0.008992024758	0.2632146066	-0.04088867777	-0.03113825967	"West Region"	NA	"2026-03-16 16:20:34.997 Z"
"2026-01-01"	"2026-01-31"	30	"state"	4	8	false	"Nevada"	""	"Nevada"	"NV"	"Multi-Family (2-4 Unit)"	4	645100	0.003240020736	0.1179073126	486300	0.04528039067	-0.01534508835	208	-0.002076095299	-0.04614430288	281	0.0453016596	-0.008677369097	24	0	0.09090909091	28	-0.1515151515	0.03703703704	34	1.125	-0.08108108108	98	-0.02	0.03157894737	4.1	-0.1	-0.2	89	0	-14	0.964187776	-0.007592364734	0.01819716196	0.08333333333	-0.04166666667	-0.09848484848	0.1632653061	0.1132653061	-0.0156820623	0.1378151261	0.02323179272	-0.139211901	"West Region"	NA	"2026-03-16 16:20:34.997 Z"
"2025-04-01"	"2025-04-30"	30	"state"	4	16	false	"New York"	""	"New York"	"NY"	"Condo/Co-op"	3	728800	0.03253477583	0.001817322431	1004500	-0.01692502103	0.01859643571	844	0.01446503145	0.002469195376	842	-0.02375580717	0.005916496609	2080	0.04365278475	0.0297029703	2701	0.007084265474	0.006333830104	3438	-0.03073019453	-0.0008718395815	9971	0.05838021441	0.09728183119	4.8	0.1	0.3	67	-3	-12	0.993356705	0.004660285785	-0.001475075187	0.1759615385	0.009378497819	0.002694211729	0.2058971016	0.008571976873	-0.02410179793	0.1206918381	-0.01320824626	-0.02109426637	"Northeast Region"	NA	"2026-03-16 16:20:34.997 Z"
"2020-03-01"	"2020-03-31"	30	"state"	4	38	false	"Utah"	""	"Utah"	"UT"	"Townhouse"	13	289900	0.01835816808	0.07634938763	360500	0.05415973718	0.05262034685	162	-0.01393753414	0.0381134111	162	-0.004367999157	0.05544380044	533	0.2874396135	0.09896907216	680	0.1092985318	0.01644245142	860	0.3826366559	0.384863124	1261	0.26861167	0.3013415893	2.4	0	0.4	26	0	-13	1.000302938	0.002919509041	0.001095860105	0.3846153846	0.02229654404	0.07327517843	0.121332276	0.0126803645	-0.08609806459	0.6289062644	0.126587673	0.1808856837	"West Region"	NA	"2026-03-16 16:20:34.997 Z"
"2025-02-01"	"2025-02-28"	30	"state"	4	43	false	"Maryland"	""	"Maryland"	"MD"	"Townhouse"	13	345300	0.04868198877	0.04112951587	387500	0.01054965849	0.05840139909	204	0.02828875989	0.03752385151	215	0.01547677894	0.05071774997	1467	0.01172413793	-0.04925469864	1833	0.036178632	-0.1271428571	1927	0.01261166579	-0.07266602502	3874	0.02867764206	0.1942046856	2.6	0	0.5	43	1	10	1.007328246	0.001417730762	-0.002913808686	0.3612815269	0.02817807865	-0.02951562149	0.20547238	-0.005626929643	0.0001702837915	0.4584454637	0.05831862358	-0.05977511099	"South Region"	NA	"2026-03-16 16:20:34.997 Z"
"2015-01-01"	"2015-01-31"	30	"state"	4	23	false	"Oklahoma"	""	"Oklahoma"	"OK"	"Single Family Residential"	6	137100	-0.04684399062	0.06766719952	133200	-0.003455208199	0.0527368452	74	-0.02428064011	0.0753460821	78	0.03731058855	0.01362105109	2215	-0.2866344605	0.007276034561	2184	-0.2846380609	0.009708737864	2036	0.5148809524	-0.006829268293	8785	0.05209580838	-0.03894541079	4	1.3	-0.2	64	8	-1	0.9631206578	-0.003300230073	0.004584051187	0.1670428894	-0.0216849689	-0.001215409836	NA	NA	NA	0.02195982946	-0.002159363784	0.01267676856	"South Region"	NA	"2026-03-16 16:20:34.997 Z"
"2022-03-01"	"2022-03-31"	30	"state"	4	37	false	"Kentucky"	""	"Kentucky"	"KY"	"Single Family Residential"	6	229900	0.03374445009	0.1229850957	238300	0.03030246438	0.1103959313	137	0.04468202952	0.1604788722	140	0.01213328579	0.122464487	4124	0.2658072437	-0.0335130068	5479	0.4487043892	0.1152045593	5161	0.4376044568	0.05112016293	7172	0.05408583186	-0.004580152672	1.7	-0.4	0	35	-8	-11	0.9885623327	0.007790379999	0.008299152039	0.3225024248	0.04718014122	0.06541313493	0.09774121584	0.02675356152	0.0193234504	0.514667619	0.08072853669	0.03852535478	"South Region"	NA	"2026-03-16 16:20:34.997 Z"
"2021-01-01"	"2021-01-31"	30	"state"	4	37	false	"Kentucky"	""	"Kentucky"	"KY"	"Condo/Co-op"	3	141500	-0.08864417307	-0.05543985444	214900	0.04215801335	0.09916420166	120	-0.04478176531	0.07250064828	133	0.03614297159	0.121533085	186	-0.2118644068	0.2567567568	260	0.2807881773	0.1504424779	210	0.1731843575	-0.09871244635	382	-0.09478672986	-0.2074688797	2.1	0.3	-1.2	34	7	-15	0.9778381763	-0.001295182421	0.005234645851	0.1075268817	-0.02806633862	0.01968904388	0.1387434555	0.0368477209	-0.02515695944	0.4528073813	0.01872269559	0.04928420248	"South Region"	NA	"2026-03-16 16:20:34.997 Z"
"2023-07-01"	"2023-07-31"	30	"state"	4	6	false	"Nebraska"	""	"Nebraska"	"NE"	"Single Family Residential"	6	293900	-0.01663718617	0.06149097704	285800	-0.02480222477	0.05159845563	148	0.007303634044	0.05664645441	146	-0.006830307086	0.01915445267	1725	-0.1954291045	-0.1638390693	1705	-0.1287685232	-0.06575342466	1947	-0.1335113485	-0.08548614373	3195	0.00440113172	-0.05305275637	1.9	0.4	0.3	15	1	-1	1.00136355	-0.005262055832	-0.01026346803	0.4168115942	-0.01462497296	-0.08924754298	0.2319248826	0.02884409043	0.06150401719	0.4955284639	-0.04774296333	0.01068558639	"Midwest Region"	NA	"2026-03-16 16:20:34.997 Z"
"2016-08-01"	"2016-08-31"	30	"state"	4	22	false	"Ohio"	""	"Ohio"	"OH"	"Single Family Residential"	6	144000	-0.03588172655	0.0410726168	139500	-0.03096036151	0.07885710527	87	-0.01339950188	0.05397430075	86	-0.0238038555	0.06052391707	13186	0.03549552379	0.07693564195	15337	0.006562971714	0.07124397569	14293	-0.05500826446	-0.02656132943	49539	-0.02712097408	-0.1218202124	3.8	-0.2	-0.8	64	0	-6	0.97113942	-0.001410610012	0.006784196199	0.1683603822	-0.004955150995	0.03841918654	0.183088072	0.0214227146	-0.004074006294	0.247779947	-0.02370782513	0.04050252735	"Midwest Region"	NA	"2026-03-16 16:20:34.997 Z"
"2025-08-01"	"2025-08-31"	30	"state"	4	33	false	"Iowa"	""	"Iowa"	"IA"	"Single Family Residential"	6	255500	-0.01590544459	0.03914383257	234800	-0.02253657636	-0.01130405284	158	0.002413445093	0.02524440458	154	-0.01031982082	-0.0005268340937	3240	0.0253164557	0.04990278678	3058	-0.08195737016	-0.01450209475	3471	-0.08825847124	-0.03395491233	8559	0.009435074891	0.1147434228	2.6	-0.1	0.1	35	2	2	0.9772339254	-0.002394395055	-0.002424631701	0.2361111111	-0.02559774965	-0.03090120256	0.3272578572	-0.007805239837	0.007643374288	0.3584858911	-0.03979237868	-0.04942298949	"Midwest Region"	NA	"2026-03-16 16:20:34.997 Z"
"2017-08-01"	"2017-08-31"	30	"state"	4	11	false	"Colorado"	""	"Colorado"	"CO"	"Multi-Family (2-4 Unit)"	4	597700	0.04768833077	-0.00551118171	572800	0.04177150992	0.4161489806	277	0.01547800917	0.05549161973	314	0.0200715884	0.2836290021	110	0.3580246914	0.06796116505	123	0.3225806452	0.04237288136	140	-0.1025641026	0.1111111111	537	-0.01648351648	0.03269230769	4.9	-1.8	-0.1	84	-1	-26	0.9843567351	-0.01087675784	-0.0008162987499	0.3	0.003703703704	0.09611650485	0.06890130354	0.01029324493	0.01120899585	0.2247126386	-0.006747567908	0.07639485184	"West Region"	NA	"2026-03-16 16:20:34.997 Z"
"2019-08-01"	"2019-08-31"	30	"state"	4	29	false	"Illinois"	""	"Illinois"	"IL"	"All Residential"	-1	218900	-0.03068552075	0.04188108361	217400	-0.03415352794	-0.002103571403	135	-0.02056632178	0.01824012684	134	-0.01914107751	0.003882777874	16002	-0.03392900266	-0.04647836968	15246	-0.05339624984	-0.02319323424	17945	-0.07695077414	-0.02265671804	65286	-0.01798983183	0.05664713689	4.1	0.1	0.4	70	4	6	0.9696748939	-0.002051604804	0.000768800786	0.1751656043	-0.01277209191	-0.003776118975	0.2245198052	0.002158865362	0.001928926972	0.2501841174	-0.03198195931	-0.01938839075	"Midwest Region"	NA	"2026-03-16 16:20:34.997 Z"
"2015-04-01"	"2015-04-30"	30	"state"	4	29	false	"Illinois"	""	"Illinois"	"IL"	"All Residential"	-1	181200	0.0400757644	0.09245661721	220100	-0.004715315554	0.05108462732	117	0.05730767807	0.04251734952	130	-0.01575346735	0.02946656014	13259	0.1225975785	0.1089829374	18595	0.06775768016	0.04407636159	23420	0.0977267401	0.05915340087	63468	0.06918683984	0.1142360562	4.8	-0.2	0	79	-16	7	0.9629484857	0.005789155739	-0.00280059779	0.1665283958	0.01006408288	-0.02023975408	0.1885517111	0.0206805499	0.005005073926	0.2560398958	0.008284263678	0.007462530132	"Midwest Region"	NA	"2026-03-16 16:20:34.997 Z"
"2017-12-01"	"2017-12-31"	30	"state"	4	10	false	"New Hampshire"	""	"New Hampshire"	"NH"	"All Residential"	-1	253900	-0.007269101418	0.07476284005	243700	-0.04181157386	-0.005965143902	138	-0.01550332413	0.0566363421	145	0.005247382514	0.04765244149	1820	-0.06905370844	0.04597701149	1427	-0.2389333333	0.00705716302	877	-0.3740185582	-0.09400826446	6019	-0.1969312875	-0.1548722269	3.3	-0.5	-0.8	81	5	-16	0.9783046198	0.0004666073497	0.007734567877	0.2873626374	0.004498187235	0.03851206265	0.09204186742	-0.0551229091	-0.001752010704	0.2211279908	-0.06335715752	0.0006499291646	"Northeast Region"	NA	"2026-03-16 16:20:34.997 Z"
"2015-10-01"	"2015-10-31"	30	"state"	4	37	false	"Kentucky"	""	"Kentucky"	"KY"	"Townhouse"	13	121300	-0.168733521	-0.004780019848	170200	0.04614020884	0.05534274775	94	-0.03974512312	0.01090906601	96	0.0007323246029	0.02925387121	56	-0.1884057971	-0.09677419355	51	-0.2272727273	-0.1774193548	46	-0.3866666667	-0.1785714286	229	-0.09486166008	-0.2612903226	4.1	0.4	-0.9	74	-53	-65	0.966310596	0.005332814131	0.01294398711	0.07142857143	-0.04451345756	-0.009216589862	0.1965065502	0.02259350674	0.1932807438	0.1456095482	0.002951596097	0.1456095482	"South Region"	NA	"2026-03-16 16:20:34.997 Z"
"2021-04-01"	"2021-04-30"	30	"state"	4	50	false	"Wyoming"	""	"Wyoming"	"WY"	"All Residential"	-1	356400	0.06549355766	0.2627993601	394800	0.09125042102	0.3124148596	190	0.08204571	0.321348773	201	0.043168504	0.321651182	747	0.04475524476	0.3756906077	748	0.04323570432	0.3775322284	823	0.1858789625	0.3855218855	2196	0.05678537055	-0.1640654739	2.9	0	-1.9	77	-15	-31	0.9679050324	-0.01756413447	-0.007084746604	0.06291834003	-0.008410331302	-0.005221623141	NA	NA	NA	0.0206761975	0.007212411406	-0.005881677245	"West Region"	NA	"2026-03-16 16:20:34.997 Z"
"2017-10-01"	"2017-10-31"	30	"state"	4	26	false	"Pennsylvania"	""	"Pennsylvania"	"PA"	"All Residential"	-1	183600	-0.01335451937	0.05329431444	189000	-0.06891432437	0.05084482825	113	-0.01832212565	0.04874147283	116	-0.03309481788	0.05866810544	12882	-0.01536344875	0.05737503078	13568	0.02338210892	0.0972020055	14035	-0.04737663748	0.04574919902	57723	-0.02354732301	-0.0567829014	4.5	0	-0.5	76	5	-7	0.9644677792	-0.002211367242	0.001657897146	0.1644930911	0.002527181175	0.00903056138	0.149818963	0.003071098646	-0.01945127461	0.1400323641	-0.01149087937	0.01690943022	"Northeast Region"	NA	"2026-03-16 16:20:34.997 Z"
"2024-07-01"	"2024-07-31"	30	"state"	4	10	false	"New Hampshire"	""	"New Hampshire"	"NH"	"Condo/Co-op"	3	424100	-0.01703887393	0.02983268865	522000	-0.01429996675	0.02929470645	304	0.01885498904	-0.01746550492	285	0.007510352274	0.01461803185	370	0.07246376812	0.6228070175	418	0.1058201058	0.6138996139	450	0.1166253102	0.7716535433	838	0.05144291092	0.8873873874	2.3	0	0.4	25	8	5	1.014549171	-0.001733773011	-0.01515718831	0.5135135135	-0.02851547199	-0.01718824087	0.1742243437	0.01864090578	0.06161173106	0.6416753157	0.02905449067	0.009531781804	"Northeast Region"	NA	"2026-03-16 16:20:34.997 Z"
"2025-05-01"	"2025-05-31"	30	"state"	4	2	false	"Missouri"	""	"Missouri"	"MO"	"Multi-Family (2-4 Unit)"	4	265600	0.05387515436	0.01679665808	264500	0.03035200933	0.06760669868	119	0.182195509	0.1421874267	154	-0.01154766294	0.001754800932	104	-0.2777777778	-0.2180451128	43	0.2285714286	0.2285714286	211	0.08205128205	0.335443038	396	0.07901907357	0.1891891892	3.8	1.3	1.3	26	6	-10	0.9650436924	-0.01364605212	0.01213899746	0.1851851852	0.02518518519	0.04232804233	0.2424242424	-0.02188093469	-0.07289107289	0.4549826092	0.01245138769	0.1330150198	"Midwest Region"	NA	"2026-03-16 16:20:34.997 Z"
"2020-02-01"	"2020-02-29"	30	"state"	4	21	false	"Georgia"	""	"Georgia"	"GA"	"All Residential"	-1	238500	0.03329680447	0.077557558	270800	0.058187468	0.04919658192	122	0.04816429509	0.08628170557	131	0.03709813116	0.05982643913	11146	0.1529947243	0.1125973248	15665	0.08116502174	0.1288462924	15640	-0.02035703101	0.01426718547	44461	-0.004076786954	-0.02770731281	4	-0.6	-0.6	67	1	2	0.9762257717	0.00478269466	0.002448799805	0.1712722053	0.01434658202	-0.001416954237	0.1271001552	-0.028153748	0.0004162853531	0.2487401829	0.0497608612	-0.01426671521	"South Region"	NA	"2026-03-16 16:20:34.997 Z"
"2023-12-01"	"2023-12-31"	30	"state"	4	7	false	"Arkansas"	""	"Arkansas"	"AR"	"Townhouse"	13	191400	-0.282604447	-0.237444354	322400	-0.001582364045	0.2740764162	159	-0.1347972083	-0.1289508993	179	-0.00733192064	0.1846382128	22	-0.3529411765	-0.2903225806	24	0.04347826087	0.09090909091	19	-0.641509434	-0.4242424242	161	-0.1658031088	1.037974684	7.3	1.6	4.8	60	14	19	0.9783575689	0.003413616133	-0.001092992511	0.1818181818	0.1229946524	-0.04398826979	0.1055900621	0.01232581341	-0.08428335561	0.4545454545	0.08897941681	0.07954545455	"South Region"	NA	"2026-03-16 16:20:34.997 Z"
"2021-08-01"	"2021-08-31"	30	"state"	4	30	false	"South Carolina"	""	"South Carolina"	"SC"	"Condo/Co-op"	3	232200	0.06740845293	0.1979728426	342300	0.03438253179	0.1963599549	222	0.09607636781	0.3175557557	197	0.02422857473	0.1895908175	1108	0.03745318352	0.09702970297	1204	0.01775147929	0.09057971014	1156	0.05570776256	0.18200409	2507	0.001598082301	-0.3486619901	2.3	0	-1.5	53	1	-38	0.9927076017	-0.000417522886	0.02398125577	0.2779783394	-0.02351978799	0.2017407156	0.06940566414	0.006680933817	-0.04880685859	0.4845998997	-0.01126430345	0.1932560789	"South Region"	NA	"2026-03-16 16:20:34.997 Z"
"2021-02-01"	"2021-02-28"	30	"state"	4	21	false	"Georgia"	""	"Georgia"	"GA"	"Condo/Co-op"	3	235500	-0.007009768099	0.05186675929	353200	0.046299274	0.08175579314	202	-0.07915416794	0.03364356159	185	-0.01778473392	0.1091104761	717	0.3477443609	0.163961039	991	0.1312785388	0.2325870647	952	0.03365906623	0.1147540984	2134	-0.04604380867	-0.08372692143	3	-1.2	-0.8	56	-4	-12	0.9786929509	0.001293290177	0.002157830999	0.1464435146	0.009225469532	0.0181967614	0.1808809747	-0.01759913259	0.0005460670097	0.3436966877	0.09137834465	0.05854934647	"South Region"	NA	"2026-03-16 16:20:34.997 Z"
"2023-11-01"	"2023-11-30"	30	"state"	4	29	false	"Illinois"	""	"Illinois"	"IL"	"Townhouse"	13	289500	0.02810372393	0.1391547963	296300	-0.02277944214	0.1025967482	173	-0.000927835942	0.07721012834	179	-0.02859660936	0.08145832355	949	-0.1055607917	-0.08397683398	864	-0.191011236	-0.03139013453	831	-0.1932038835	0.02846534653	2147	-0.09179357022	-0.113908378	2.3	0.1	0	49	2	-4	0.9940533812	-0.005851680697	0.007273515443	0.3329820864	-0.08549105214	0.07139907482	0.1495109455	-0.01969379223	-0.033732967	0.4531783966	-0.05537337778	0.08477672024	"Midwest Region"	NA	"2026-03-16 16:20:34.997 Z"
"2012-03-01"	"2012-03-31"	30	"state"	4	25	false	"Hawaii"	""	"Hawaii"	"HI"	"Multi-Family (2-4 Unit)"	4	650000	-0.1666666667	-0.3434343434	450000	0.03448275862	0.09756097561	314	0.005291005291	-0.1825664048	400	-0.01879545455	-0.018214	3	2	2	2	1	1	4	-0.2	0	24	0	0.1428571429	8	-16	-13	188	169	128	0.9216408085	-0.1926464976	-0.07937031384	0	-1	-1	NA	NA	NA	0	0	0	"West Region"	NA	"2026-03-16 16:20:34.997 Z"
"2021-08-01"	"2021-08-31"	30	"state"	4	49	false	"Minnesota"	""	"Minnesota"	"MN"	"All Residential"	-1	323200	0.008624458146	0.115231851	308100	-0.008647854462	0.07995762924	168	-0.0003474698725	0.1337900574	164	0.0007002010713	0.08511683143	9483	0.02143472641	0.001690081335	9553	0.04256247954	-0.1070293513	9812	-0.0535352561	-0.008388074785	12107	0.009253084361	-0.1485935302	1.3	0	-0.2	17	1	-10	1.021597294	-0.009028066441	0.01883644391	0.5620584203	-0.0439303776	0.1229541634	0.2758734616	0.04346265803	0.05681579637	0.5748733779	-0.006284454467	0.04348095363	"Midwest Region"	NA	"2026-03-16 16:20:34.997 Z"
"2024-06-01"	"2024-06-30"	30	"state"	4	8	false	"Nevada"	""	"Nevada"	"NV"	"All Residential"	-1	463200	0.01077886116	0.06148175583	483600	0.001227350038	0.04611342529	267	0.01024207286	0.05959574287	273	0.002814373294	0.0441240581	3711	-0.1010174419	-0.08279782501	4297	-0.07631126397	-0.04786173277	4840	-0.09210279497	0.06607929515	10653	0.06317365269	0.1962942167	2.9	0.5	0.7	39	1	-2	0.9885345292	-0.0001907269938	0.002103111306	0.2387496632	-0.007374367844	-0.0007461351558	0.2530742514	0.01165708572	0.03319777749	0.3873975273	-0.03749145051	-0.02983961241	"West Region"	NA	"2026-03-16 16:20:34.997 Z"
"2013-03-01"	"2013-03-31"	30	"state"	4	48	false	"Wisconsin"	""	"Wisconsin"	"WI"	"All Residential"	-1	115800	0.1108155002	0.09697796392	140400	0.04037947145	-0.02517322336	72	0.100059704	0.0410056073	88	0.05071776123	-0.007279375221	1651	0.3155378486	0.01288343558	1583	0.3246861925	0.02992843201	2305	0.412377451	0.01810954064	13014	0.0310568848	-0.1530100879	7.9	-2.2	-1.5	247	14	-19	0.9343770763	0.00391109246	0.007202214109	0.1011508177	-0.007215716178	-0.007438139369	0.0001536806516	NA	2.351469e-05	0.009664330757	0.00577240356	0.006327434875	"Midwest Region"	NA	"2026-03-16 16:20:34.997 Z"
"2021-07-01"	"2021-07-31"	30	"state"	4	33	false	"Iowa"	""	"Iowa"	"IA"	"Multi-Family (2-4 Unit)"	4	174900	0.03620920947	0.1011492274	209000	0.03716231731	-0.05170680637	94	-0.08380651897	-0.06108894906	136	0.03428811793	-0.03907135343	67	0.1964285714	0.5952380952	57	0.01785714286	0.1632653061	62	-0.2151898734	0.08771929825	158	0.01282051282	0.2440944882	2.4	-0.4	-0.6	88	11	29	0.9966174422	0.01615305015	-0.01979498931	0.2835820896	0.08715351812	0.1169154229	0.03797468354	-0.0004868549172	-0.02501744244	0.2534562212	0.08257014525	-0.03601746301	"Midwest Region"	NA	"2026-03-16 16:20:34.997 Z"
"2017-06-01"	"2017-06-30"	30	"state"	4	39	false	"Louisiana"	""	"Louisiana"	"LA"	"Townhouse"	13	136400	-0.2661993831	-0.4666389778	199000	-0.06676827481	-0.04122055675	72	-0.444390944	-0.4620266935	120	-0.06196880668	-0.02577878533	16	-0.05882352941	0	17	-0.2272727273	-0.1052631579	5	-0.375	-0.4444444444	35	0.02941176471	-0.02777777778	2.2	0.2	-0.1	934	600	602	0.9939555634	0.0307502557	0.04837541756	0.25	0.1911764706	0.125	0.2285714286	-0.006722689076	0.08968253968	0.6	0.5125	0.08611111111	"South Region"	NA	"2026-03-16 16:20:34.997 Z"
"2023-01-01"	"2023-01-31"	30	"state"	4	35	false	"Kansas"	""	"Kansas"	"KS"	"Condo/Co-op"	3	145000	-0.1626649163	-0.0538695697	311500	0.02124491079	0.03321706183	120	-0.09459971242	0.05864694453	155	0.01394723582	0.04613586002	22	0.2222222222	-0.04347826087	16	1.285714286	0.1428571429	24	2	-0.2941176471	14	0	-0.6	0.6	-0.2	-0.9	23	10	-43	0.9674866386	-0.01276930227	-0.006684640797	0.09090909091	-0.1948051948	0.01948051948	0.2857142857	0	NA	0.5375	-0.06607142857	0.2341911765	"Midwest Region"	NA	"2026-03-16 16:20:34.997 Z"
"2024-11-01"	"2024-11-30"	30	"state"	4	31	false	"Indiana"	""	"Indiana"	"IN"	"Townhouse"	13	296800	0.04304267583	0.0389431271	303300	0.01042285583	-0.03854012285	181	0.03703654753	0.02829999229	162	0.0297956158	0.01268009412	98	-0.1403508772	0.2098765432	88	-0.296	0.1139240506	92	-0.264	-0.2	378	-0.03816793893	0.4210526316	3.9	0.5	0.6	62	22	19	0.9842054246	0.005480961056	0.002927729156	0.0612244898	-0.03526673827	-0.04988662132	0.2804232804	-0.08598893332	0.02478418268	0.2279670975	0.01980201817	-0.05694627285	"Midwest Region"	NA	"2026-03-16 16:20:34.997 Z"
"2020-06-01"	"2020-06-30"	30	"state"	4	30	false	"South Carolina"	""	"South Carolina"	"SC"	"Multi-Family (2-4 Unit)"	4	239100	0.1393469707	-0.4519330021	305100	0.02059275571	0.02067247553	141	0.3939021767	-0.3519620136	160	0.04071613013	0.01508072511	10	-0.2857142857	-0.2857142857	19	0.05555555556	-0.2962962963	22	-0.1538461538	0.5714285714	92	0.08235294118	0.06976744186	9.2	3.1	3.1	81	5	-42	0.9509524477	0.0075112744	0.006890615367	0.1	0.1	0.02857142857	0.1956521739	0.08976982097	-0.07178968655	0.615530303	0.01937645688	0.06553030303	"South Region"	NA	"2026-03-16 16:20:34.997 Z"
"2025-11-01"	"2025-11-30"	30	"state"	4	40	false	"Vermont"	""	"Vermont"	"VT"	"All Residential"	-1	434100	-0.0002511248543	0.01993911009	385300	-0.1054980132	-0.0449763801	246	0.01497683484	-0.01706297764	249	-0.01062299384	0.03344551756	594	-0.342192691	-0.09863429439	626	-0.2821100917	-0.05722891566	452	-0.4731934732	0.05854800937	2746	-0.1087309315	0.1810752688	4.6	1.2	1.1	66	2	9	0.9721904377	-0.001718123218	-0.009754789642	0.202020202	-0.01281922212	-0.05594641406	0.1493080845	-0.09152281457	-0.009401592933	0.2839705599	-0.0476933057	-0.02862032262	"Northeast Region"	NA	"2026-03-16 16:20:34.997 Z"
"2019-03-01"	"2019-03-31"	30	"state"	4	48	false	"Wisconsin"	""	"Wisconsin"	"WI"	"Single Family Residential"	6	196300	0.04867026883	0.05137539872	213800	-0.02000846323	0.04554420874	114	0.02290008456	0.04181911283	120	0.003310622178	0.05236795826	4309	0.289347696	-0.1206122449	5864	0.3765258216	-0.1495286439	6264	0.4985645933	-0.1506440678	17444	0.07308070866	-0.0834384195	4	-0.9	0.1	82	-13	-4	0.9767542139	0.005511956566	0.001711408781	0.2631701091	0.051620139	0.01194561928	0.1142513185	0.0176715941	-0.003392649549	0.3546553002	0.07212021795	-0.009645627591	"Midwest Region"	NA	"2026-03-16 16:20:34.997 Z"
"2015-06-01"	"2015-06-30"	30	"state"	4	11	false	"Colorado"	""	"Colorado"	"CO"	"Townhouse"	13	278000	-0.06145237205	0.1172215254	376000	0.04930653314	0.0424415975	191	-0.04514236442	0.05910070462	194	0.08024444928	0.08187276525	697	0.09763779528	0.1714285714	728	-0.06306306306	0.1047040971	738	-0.01992031873	0.02216066482	1472	0.00683994528	0.07366885485	2.1	-0.2	-0.2	40	-7	10	1.014901528	0.006347369902	0.01836330711	0.4906743185	0.04657983032	0.1831112933	0.1032608696	0.03212543865	-0.02584197507	0.4944576662	-0.04151960545	0.06787987386	"West Region"	NA	"2026-03-16 16:20:34.997 Z"
"2017-05-01"	"2017-05-31"	30	"state"	4	34	false	"Tennessee"	""	"Tennessee"	"TN"	"All Residential"	-1	208200	0.01961319167	0.05772146443	231500	0.02587703933	0.07722950772	112	0.01060238455	0.07514724711	117	0.005325404249	0.07949437065	9706	0.1964990138	0.0837427423	11108	0.08043964595	-0.107073955	11311	0.0670754717	0.04857699082	31170	0.01260476902	-0.06131422032	3.2	-0.6	-0.5	65	-5	-9	0.9809012708	0.004111019032	0.005240442572	0.2217185246	0.01769978695	0.02263411194	0.1100096246	0.01505153225	0.005540552785	0.3933248481	0.007537211479	0.1115369174	"South Region"	NA	"2026-03-16 16:20:34.997 Z"
"2025-01-01"	"2025-01-31"	30	"state"	4	21	false	"Georgia"	""	"Georgia"	"GA"	"All Residential"	-1	359700	-0.0454725793	0.0225861067	370400	0.05115492655	0.005354569549	182	-0.01732693377	0.01663982069	190	0.04179276165	-0.0005566668617	7447	-0.2550020008	0.0100366201	10208	0.1018998273	-0.1111885067	12586	0.4421909018	-0.02645420792	39710	0.03540884439	0.2798117829	5.3	1.5	1.1	71	8	17	0.9743758028	-0.002866906936	-0.002973500998	0.1561702699	-0.0113967569	-0.02910031195	0.2301183581	0.04809395259	0.01373315763	0.1661213576	0.02041552129	-0.06726155838	"South Region"	NA	"2026-03-16 16:20:34.997 Z"
"2021-08-01"	"2021-08-31"	30	"state"	4	47	false	"Michigan"	""	"Michigan"	"MI"	"Multi-Family (2-4 Unit)"	4	171900	0.08130209152	0.2702035284	197100	-0.0143354178	0.04069627858	84	0.09916455673	0.3206866631	128	-0.01301147513	0.08154603069	261	0	0.3523316062	329	-0.009036144578	0.353909465	370	0.07558139535	0.5546218487	721	0.0198019802	0.1591639871	2.8	0.1	-0.4	36	5	-33	0.9614707971	-0.02255679365	0.02385561336	0.2681992337	-0.03831417625	0.08167073631	0.2066574202	0.03268287994	0.03302397974	0.3923038326	-0.01383698177	0.09153241955	"Midwest Region"	NA	"2026-03-16 16:20:34.997 Z"
"2025-10-01"	"2025-10-31"	30	"state"	4	46	false	"West Virginia"	""	"West Virginia"	"WV"	"Multi-Family (2-4 Unit)"	4	225400	-0.2461161144	0.5545977011	231400	0.05112375669	0.1815148936	101	-0.0001406776166	0.3696354704	133	0.03006037832	0.05023441775	12	0.7142857143	0.3333333333	9	0.2857142857	-0.1818181818	10	-0.4736842105	-0.1666666667	42	-0.125	0.07692307692	3.5	-3.4	-0.8	61	-5	-72	0.9713540274	0.08068356097	0.1329900344	0.1666666667	0.1666666667	0.1666666667	0.2380952381	-0.03273809524	0.08424908425	0.2666666667	-0.2596491228	-0.15	"South Region"	NA	"2026-03-16 16:20:34.997 Z"
"2024-02-01"	"2024-02-29"	30	"state"	4	48	false	"Wisconsin"	""	"Wisconsin"	"WI"	"Townhouse"	13	280600	0.006872727213	-0.002971384278	438200	0.02170382129	0.09885995667	197	0.005977982627	-0.01377518652	218	-0.02101761893	0.03673537812	33	0.375	0	34	-0.1282051282	0.0625	61	0.8484848485	0.7941176471	93	0.3880597015	1.268292683	2.8	0	1.6	54	16	11	1.018080205	0.003685277819	0.008493597821	0.5151515152	-0.1515151515	0.06060606061	0.08602150538	-0.0333814797	-0.01153947023	0.5156284153	-0.0006053509332	-0.1713463746	"Midwest Region"	NA	"2026-03-16 16:20:34.997 Z"
"2016-04-01"	"2016-04-30"	30	"state"	4	48	false	"Wisconsin"	""	"Wisconsin"	"WI"	"Townhouse"	13	158200	0.03930361835	-0.05972361505	245300	0.07471324133	0.1322702197	103	0.00169871952	-0.0253662904	125	0.03972782321	0.1021813749	90	0.2676056338	0.0843373494	103	-0.1557377049	-0.449197861	119	0.07207207207	0.04385964912	272	0.08366533865	-0.1337579618	3	-0.5	-0.8	66	-20	-12	0.9805909492	0.003302564044	0.003544442875	0.2555555556	0.1147104851	0.1109772423	0.09191176471	0.00824642606	-0.02910734357	0.1796283731	-0.07306717961	-0.03920469443	"Midwest Region"	NA	"2026-03-16 16:20:34.997 Z"
"2018-06-01"	"2018-06-30"	30	"state"	4	7	false	"Arkansas"	""	"Arkansas"	"AR"	"All Residential"	-1	165800	0.02524525876	0.05061545868	164500	-0.02609511923	0.02045787434	93	0.007774595202	0.04414834701	95	0.0002999537581	0.04690903786	3574	-0.006670372429	0.06941950928	3707	-0.004030091349	0.08360128617	3985	-0.04642258914	0.03938445488	13092	0.0008409143032	0.02609922408	3.7	0.1	-0.1	71	1	-1	0.9704741674	-0.000338567296	0.002254813639	0.133463906	0.006726829834	-0.000886782223	0.09822792545	0.0057273521	-0.007344611582	0.156767972	0.004181692876	0.01358652442	"South Region"	NA	"2026-03-16 16:20:34.997 Z"
"2013-03-01"	"2013-03-31"	30	"state"	4	23	false	"Oklahoma"	""	"Oklahoma"	"OK"	"Townhouse"	13	104800	0.1514503817	-0.04912561741	152400	0.01697131421	0.04128415301	48	0.03614023784	0.06873698818	83	0.007189982268	0.04249674271	26	0.4444444444	-0.2352941176	26	0.625	-0.2352941176	10	0	-0.1666666667	43	-0.04444444444	-0.3174603175	1.7	-0.8	-0.2	28	10	-7	0.9593971374	0.01789925459	-0.01268673497	0.1153846154	0.004273504274	0.02714932127	NA	NA	NA	0.1111111111	0.1111111111	0.1111111111	"South Region"	NA	"2026-03-16 16:20:34.997 Z"
"2015-04-01"	"2015-04-30"	30	"state"	4	31	false	"Indiana"	""	"Indiana"	"IN"	"All Residential"	-1	131200	0.03339100601	0.02329445288	145100	0.0005237009819	0.05432343104	72	0.04724011553	0.03302947545	78	0.01939922446	0.03823711054	6866	0.1305779681	0.691966486	8198	0.1533483399	1.013755834	10745	0.1900542696	-0.002876763177	38941	0.04360293724	0.007868105702	5.7	-0.4	-3.8	101	-12	-10	0.9572955482	0.003056664985	0.0006664326934	0.09073696475	0.008076006414	-0.0001945285926	0.06974653964	0.01220781423	NA	0.1491252276	0.02677536075	0.1342767212	"Midwest Region"	NA	"2026-03-16 16:20:34.997 Z"
"2014-01-01"	"2014-01-31"	30	"state"	4	29	false	"Illinois"	""	"Illinois"	"IL"	"Single Family Residential"	6	152700	-0.07828495526	0.08398377775	172500	0.2370504265	0.1464562826	96	-0.05912847255	0.06822900628	108	0.146097541	0.1164907226	5258	-0.2793311404	-0.02683694244	6996	0.02761457109	-0.156803664	7323	0.3182718272	-0.1768210432	34188	-0.01227862364	-0.04850964348	6.5	1.8	-0.2	80	6	-8	0.9568111881	-0.003443729308	0.003296699346	0.1761125903	-0.005904953521	-0.001011229761	0.1513396513	0.02999795891	-0.01219601424	0.1511522567	0.008272845548	-0.01504291442	"Midwest Region"	NA	"2026-03-16 16:20:34.997 Z"
"2022-12-01"	"2022-12-31"	30	"state"	4	35	false	"Kansas"	""	"Kansas"	"KS"	"All Residential"	-1	250500	-0.01040609528	0.05246549123	237100	0.01509364242	0.07711349577	128	-0.0004756332419	0.06957185791	130	0.004294248456	0.07101556758	2313	-0.05937372916	-0.3240794857	1274	-0.1517976032	-0.3950617284	1598	-0.2756119674	-0.2257751938	3114	-0.106456241	-0.2207207207	1.3	-0.1	0.1	33	2	-8	0.9453826584	-0.03702134593	-0.04512271563	0.1522491349	-0.01163261312	-0.0427104466	0.1624919717	-0.04726412582	0.16074022	0.3104557721	-0.04135903009	0.09922167836	"Midwest Region"	NA	"2026-03-16 16:20:34.997 Z"
"2018-10-01"	"2018-10-31"	30	"state"	4	23	false	"Oklahoma"	""	"Oklahoma"	"OK"	"Single Family Residential"	6	159700	-0.001459567648	0.035619386	166000	-0.001316020686	0.07245531424	92	-0.004784693412	0.03634531581	96	-0.003783286616	0.05550502594	3883	0.08645775042	0.07146799117	4023	0.07768550763	0.03899793388	4139	0.02197530864	0.004124211548	14889	-0.03305624107	-0.05688224489	3.8	-0.5	-0.6	55	7	-3	0.9712113481	0.001793723021	0.0009906309222	0.20345094	0.0005969948354	-0.00157113506	0.1975955403	0.01237668074	0.001928219118	0.2239546895	-0.004167595263	0.01698807335	"South Region"	NA	"2026-03-16 16:20:34.997 Z"
"2019-09-01"	"2019-09-30"	30	"state"	4	29	false	"Illinois"	""	"Illinois"	"IL"	"Townhouse"	13	200100	-0.05150801796	0.004779674216	247400	0.02240031275	0.009883113104	133	-0.0132381327	0.008133680079	145	0.00849329544	-0.01506412171	1182	-0.2156602522	0.0180878553	1266	-0.1046676096	0.01523656776	1451	-0.1393831554	-0.01292517007	5045	-0.009619159796	0.1066023251	4.3	0.9	0.4	75	7	7	0.9752559446	-0.0005165625966	0.003566560362	0.1497461929	-0.002874908633	-0.007015219682	0.2523290387	0.002623502728	0.01324151946	0.2925385165	-0.05805565572	-0.02771664086	"Midwest Region"	NA	"2026-03-16 16:20:34.997 Z"
"2024-04-01"	"2024-04-30"	30	"state"	4	5	false	"Arizona"	""	"Arizona"	"AZ"	"Single Family Residential"	6	476300	0.02358948452	0.07946773592	474800	0.0225551884	0.03728002995	259	0.023463443	0.06746530614	264	0.001143819055	0.02451331416	7700	0.03731644888	0.04406779661	9653	0.02582359192	-0.07378622145	9898	0.01113494739	0.2060436213	24610	0.02871713414	0.2666632354	3.2	0	0.6	51	-3	-3	0.9833303482	-0.0003867419305	0.001485792199	0.1735064935	0.007535861686	-0.001679947171	0.2906542056	0.01489447648	0.03387310519	0.3036874655	0.005313619048	-0.01862553969	"West Region"	NA	"2026-03-16 16:20:34.997 Z"
"2014-05-01"	"2014-05-31"	30	"state"	4	51	false	"Mississippi"	""	"Mississippi"	"MS"	"Townhouse"	13	76500	-0.3499762162	-0.309521764	143800	-0.06322202255	0.08296205	65	-0.3606289404	-0.2888778808	82	-0.01182432828	0.1065629247	18	1.25	-0.1428571429	18	1.25	-0.1428571429	18	-0.4545454545	-0.28	83	-0.05681818182	-0.04597701149	4.6	-6.4	0.5	97	-89	44	0.9524707246	-0.03322240577	-0.01254374852	0.1111111111	-0.01388888889	0.1111111111	NA	NA	NA	0	0	-0.088	"South Region"	NA	"2026-03-16 16:20:34.997 Z"
"2022-03-01"	"2022-03-31"	30	"state"	4	7	false	"Arkansas"	""	"Arkansas"	"AR"	"Condo/Co-op"	3	253600	0.3787580293	0.2716498582	221200	-0.04606812305	0.07345707367	167	0.1806872288	0.1759209163	134	0.02572823446	0.1327487946	68	0.1525423729	-0.2359550562	100	0.8518518519	-0.1803278689	92	0.2777777778	-0.01075268817	140	0.1023622047	-0.3170731707	2.1	-0.1	-0.2	36	-24	-33	0.9903517032	0.02248743917	0.01226977097	0.1617647059	0.1109172483	-0.02924653007	0.1357142857	0.001856017998	0.06742160279	0.3583439331	-0.0668103879	0.1942946575	"South Region"	NA	"2026-03-16 16:20:34.997 Z"
"2015-01-01"	"2015-01-31"	30	"state"	4	37	false	"Kentucky"	""	"Kentucky"	"KY"	"Condo/Co-op"	3	117400	-0.04938322138	0.0471985498	139800	-0.02423426487	-0.01363645969	88	-0.03624255546	0.07625270844	92	0.04702725681	0.001601826751	143	-0.1588235294	-0.1437125749	142	-0.1445783133	-0.1445783133	279	0.7884615385	0.01454545455	1351	0.04728682171	-0.002215657312	9.4	1.8	1.3	121	8	-26	0.9537422902	-0.0009522268516	0.007518959831	0.0979020979	0.03907856849	0.04999790629	0.02590673575	0.01582921637	0.02516818331	0	-0.02425213675	-0.01449134199	"South Region"	NA	"2026-03-16 16:20:34.997 Z"
"2023-01-01"	"2023-01-31"	30	"state"	4	49	false	"Minnesota"	""	"Minnesota"	"MN"	"Multi-Family (2-4 Unit)"	4	307100	-0.05118065416	-0.09611645095	328800	0.0407687412	0.006487372818	149	0.001773130176	-0.0259467539	189	0.03897705666	0.01490679936	69	-0.3428571429	-0.3839285714	77	0.1492537313	-0.3245614035	66	0.8857142857	-0.2413793103	112	-0.04273504274	-0.3212121212	1.6	0.5	0.1	53	16	15	0.9817844094	0.007438919013	-0.01217499904	0.2028985507	-0.07329192547	-0.1006728778	0.2053571429	-0.008318070818	0.04172077922	0.4160220215	0.001905277985	-0.09567748593	"Midwest Region"	NA	"2026-03-16 16:20:34.997 Z"
"2014-12-01"	"2014-12-31"	30	"state"	4	7	false	"Arkansas"	""	"Arkansas"	"AR"	"Single Family Residential"	6	136200	0.01103456109	-0.01230661003	134600	-0.05241328382	0.04103789662	78	-0.0166394697	-0.01549781198	80	-0.02321267181	0.0359749506	1867	0.06442417332	0.09053738318	1846	0.06152961472	0.09166173862	1654	-0.115980759	0.1763869132	10876	-0.04938379512	-0.03837312113	5.8	-0.7	-0.8	116	3	3	0.9563454923	-0.0002824198516	0.002016410473	0.0894483128	-0.004052257324	-0.00926664047	NA	NA	NA	0.02079095636	-0.00886061112	-0.01926013227	"South Region"	NA	"2026-03-16 16:20:34.997 Z"
"2024-09-01"	"2024-09-30"	30	"state"	4	31	false	"Indiana"	""	"Indiana"	"IN"	"Multi-Family (2-4 Unit)"	4	176000	0.1462102785	0.06978933394	238300	-0.0158227702	0.0564841366	67	-0.04377851964	-0.3489101775	141	-0.002826538228	0.07095187329	102	0.09677419355	0.1590909091	117	-0.1931034483	-0.1136363636	120	-0.2814371257	-0.1111111111	294	-0.02325581395	-0.06962025316	2.9	-0.3	-0.7	29	-2	-3	0.949334099	0.01075234338	0.00179468328	0.2156862745	0.07590132827	0.05659536542	0.2959183673	-0.01637399146	0.04275381038	0.4274338089	-0.01997854746	-0.04655628724	"Midwest Region"	NA	"2026-03-16 16:20:34.997 Z"
"2023-03-01"	"2023-03-31"	30	"state"	4	14	false	"New Mexico"	""	"New Mexico"	"NM"	"All Residential"	-1	324800	0.03594866945	0.02220735576	346400	0.06716164181	0.08748217786	193	0.02329356767	0.05377355205	202	0.0515970158	0.06108170808	923	0.458135861	-0.1889279438	1241	0.188697318	0.0763226366	1117	0.3218934911	-0.08741830065	2717	0.002213205459	-0.2378681627	2.9	-1.4	-0.2	56	-6	-14	0.9628576277	-0.01951151361	-0.01604976376	0.05958829902	0.02167360708	-0.04322365177	0.1534781008	0.02068577329	0.1388918456	0.3274172642	0.05596581789	0.1643581473	"West Region"	NA	"2026-03-16 16:20:34.997 Z"
"2012-05-01"	"2012-05-31"	30	"state"	4	15	false	"Delaware"	""	"Delaware"	"DE"	"Multi-Family (2-4 Unit)"	4	89000	0.7612137203	-0.2457627119	202700	-0.01053046514	0.01500798047	48	1.033873306	-0.2796757919	114	-0.04167364174	-0.0179625258	4	-0.6666666667	-0.2	4	-0.6666666667	-0.2	13	0.8571428571	0.1818181818	57	0.05555555556	-0.313253012	14.3	9.8	-2.3	60	-6	-73	0.9682694565	0.01095580141	0.04642717854	0.5	0.25	0.5	NA	NA	NA	0	0	0	"South Region"	NA	"2026-03-16 16:20:34.997 Z"
"2014-02-01"	"2014-02-28"	30	"state"	4	41	false	"Maine"	""	"Maine"	"ME"	"Condo/Co-op"	3	128300	0.006535947712	-0.2092426187	138200	-0.00102088754	-0.04693156352	158	0.1587144781	0.4637273642	88	-0.0871136925	-0.096168287	9	0	-0.25	9	0	-0.25	8	-0.2	-0.3333333333	77	0	-0.1149425287	8.6	0	1.3	341	146	147	0.9591858969	0.00323966388	0.01521932181	0	0	0	NA	NA	NA	0	0	0	"Northeast Region"	NA	"2026-03-16 16:20:34.997 Z"
"2014-08-01"	"2014-08-31"	30	"state"	4	3	false	"Alaska"	""	"Alaska"	"AK"	"Multi-Family (2-4 Unit)"	4	343100	0.0257261819	0.1393716331	271700	0.06889458905	0.003523243765	133	-0.009108176225	0.007956880262	160	0.05315936718	0.02679540749	27	-0.3076923077	-0.25	27	-0.3076923077	-0.25	45	0.2162162162	-0.0625	189	0.01612903226	0.02162162162	7	2.2	1.9	96	16	19	0.9766670655	-0.01855073664	-0.01444927882	0.1851851852	-0.1994301994	-0.2037037037	NA	NA	NA	0.07485380117	0.0574792838	0.07485380117	"West Region"	NA	"2026-03-16 16:20:34.997 Z"
"2016-07-01"	"2016-07-31"	30	"state"	4	9	false	"California"	""	"California"	"CA"	"Multi-Family (2-4 Unit)"	4	609100	-0.005487642152	0.06745263981	513200	-0.03377708736	0.03653273683	293	0.003544162369	0.08455675107	333	-0.009956294008	0.05540954813	1124	-0.1266511267	-0.1497730711	1337	-0.1128069011	-0.0848733744	1678	-0.03341013825	-0.05994397759	5030	0.01513622603	-0.05433352134	4.5	0.6	0.5	56	3	6	0.9866640692	-0.002571309465	-0.000124553683	0.3087188612	0.009573562065	-0.01200731126	0.1451292247	-0.0007839943186	-0.009035091949	0.2192224452	0.0284675779	0.03957083234	"West Region"	NA	"2026-03-16 16:20:34.997 Z"
"2016-03-01"	"2016-03-31"	30	"state"	4	12	false	"New Jersey"	""	"New Jersey"	"NJ"	"Condo/Co-op"	3	192400	0.02974886123	-0.06426957963	306800	0.02953942211	0.02343941921	169	0.08348169822	-0.04078036505	185	0.02878994554	0.007645412321	644	0.288	0.2529182879	1173	0.2640086207	0.7099125364	1322	0.1942186089	0.05003971406	4551	0.03880392604	-0.087244284	7.1	-1.7	-2.6	108	-16	-14	0.9553497273	-0.001394511645	0.00409497188	0.09161490683	-0.02638509317	0.009902844575	0.1724895627	0.03325194575	0.0419239791	0.1036851079	0.01563583749	0.02668973313	"Northeast Region"	NA	"2026-03-16 16:20:34.997 Z"
"2023-08-01"	"2023-08-31"	30	"state"	4	7	false	"Arkansas"	""	"Arkansas"	"AR"	"Townhouse"	13	257600	0.08152323678	0.2559642617	336800	0.04436478254	0.1425985567	175	0.001272486196	0.1473698154	184	0.02906781896	0.09789159693	28	-0.2432432432	-0.09677419355	40	0.2903225806	0.1111111111	58	0.4146341463	0.45	140	0.1111111111	0.8918918919	5	1.6	2.6	55	28	18	0.9690164844	-0.002527275662	1.912700813e-06	0.1071428571	-0.0009652509653	-0.08640552995	0.2071428571	0.05634920635	-0.0361003861	0.3103448276	-0.1449397253	-0.3396551724	"South Region"	NA	"2026-03-16 16:20:34.997 Z"
"2018-04-01"	"2018-04-30"	30	"state"	4	27	false	"Idaho"	""	"Idaho"	"ID"	"Townhouse"	13	303500	0.2081853188	0.2207166944	304600	0.01531890106	0.03493154698	171	0.06272411927	0.1763961101	168	0.03419633974	0.07138974979	78	0.4716981132	0.21875	88	-0.7696335079	5.769230769	93	0.347826087	0.1071428571	154	0.06944444444	-0.287037037	2	-0.7	-1.4	63	-115	22	1.003473854	0.00872900792	0.03199756501	0.3205128205	0.1129656507	0.05488782051	0.07142857143	0.01587301587	0.0667989418	0.4197132616	0.3505754272	0.4197132616	"West Region"	NA	"2026-03-16 16:20:34.997 Z"
"2023-03-01"	"2023-03-31"	30	"state"	4	7	false	"Arkansas"	""	"Arkansas"	"AR"	"Townhouse"	13	209800	-0.01223946301	-0.3403818777	321700	0.01084399551	0.1808595891	160	-0.03246971659	-0.1817558515	179	0.03941068408	0.1637948365	39	0.56	0.3448275862	47	0.1463414634	0.46875	50	0.1904761905	0.2195121951	107	0.04901960784	0.813559322	2.7	-1.4	0.7	40	16	-17	0.9824444107	0.01333749587	-0.01796654501	0.1282051282	0.04820512821	-0.1476569408	0.1308411215	0.01319406267	0.06304451133	0.4020952381	-0.03029181929	-0.0391358885	"South Region"	NA	"2026-03-16 16:20:34.997 Z"
"2021-01-01"	"2021-01-31"	30	"state"	4	12	false	"New Jersey"	""	"New Jersey"	"NJ"	"Multi-Family (2-4 Unit)"	4	450400	-0.01589993193	0.1667351175	444000	0.06648355473	0.1106770812	197	-0.02803016043	0.1271806118	281	0.1223312066	0.1269874318	704	-0.1794871795	0.19524618	746	-0.1444954128	0.1916932907	829	0.328525641	0.07105943152	3370	-0.04097894138	0.1984352774	4.8	0.7	0	99	5	-15	0.9922147669	-0.003321616725	0.004847253702	0.3153409091	-0.01566142191	-0.05308014354	0.0824925816	-3.44531159e-05	0.01314692015	0.06673317524	0.007980709668	-0.01848815354	"Northeast Region"	NA	"2026-03-16 16:20:34.997 Z"
"2012-08-01"	"2012-08-31"	30	"state"	4	47	false	"Michigan"	""	"Michigan"	"MI"	"Single Family Residential"	6	111000	-0.001615302833	0.08776384713	111900	-0.02489653355	0.1001227811	69	-0.008769445986	0.07725103702	74	-0.01949008869	0.09690975938	8975	0.1444784494	0.1571686436	8794	0.1411886841	0.1643055739	9788	0.003485749436	0.05599309526	44276	-0.02152486188	-0.04054434741	4.9	-0.9	-1	116	0	-12	0.9584764372	-0.005733635934	0.01303479109	0.2012256267	-0.02052902768	0.03670783406	NA	NA	NA	0.01767516944	0.005615153203	0.007817540394	"Midwest Region"	NA	"2026-03-16 16:20:34.997 Z"
"2020-01-01"	"2020-01-31"	30	"state"	4	12	false	"New Jersey"	""	"New Jersey"	"NJ"	"Multi-Family (2-4 Unit)"	4	386000	0.006251359224	0.1259780942	399800	0.08437359139	0.08848605246	174	0.02643947912	0.1460284008	249	0.1058662066	0.07149819198	589	-0.1561604585	-0.1182634731	626	-0.06983655275	-0.1293463143	774	0.5860655738	-0.1390433815	2812	0.004285714286	-0.2238476401	4.8	0.8	-0.6	114	12	4	0.9873675131	-0.0009204371487	0.0007126081981	0.3684210526	0.001658874981	0.0345887173	0.06934566145	0.01363137574	-0.05568884034	0.08522132879	0.04453124762	0.01737192007	"Northeast Region"	NA	"2026-03-16 16:20:34.997 Z"
"2021-02-01"	"2021-02-28"	30	"state"	4	8	false	"Nevada"	""	"Nevada"	"NV"	"Multi-Family (2-4 Unit)"	4	434800	-0.03035426467	0.1580564577	365600	0.01271664599	0.04637952393	161	-0.004716276881	0.07932467079	215	0.01234850202	0.07364837216	54	0.5882352941	0.5	83	-0.04597701149	0.2028985507	51	0.1590909091	0.2142857143	94	-0.1754385965	-0.2100840336	1.7	-1.7	-1.6	73	12	-22	0.9821805659	0.02426499197	-0.01036918516	0.2407407407	0.1230936819	0.212962963	0.04255319149	-0.04516610676	-0.05828714465	0.3329544378	-0.08456986179	-0.03454877969	"West Region"	NA	"2026-03-16 16:20:34.997 Z"
"2021-06-01"	"2021-06-30"	30	"state"	4	10	false	"New Hampshire"	""	"New Hampshire"	"NH"	"Condo/Co-op"	3	288500	-0.06116110411	0.1903762789	394400	-0.01389920786	0.1384023723	239	0.02718755934	0.2516338125	212	0.01025663685	0.1632634641	374	0.4220532319	0.2986111111	378	0.2	-0.03324808184	360	0.2328767123	0.0843373494	444	0.02304147465	-0.3105590062	1.2	-0.5	-1	26	2	-24	1.020347339	0.001974632399	0.03024795589	0.5374331551	-0.01009536203	0.1902109329	0.05855855856	-0.03591148752	-0.07032342902	0.763805331	0.09814291763	0.2146963469	"Northeast Region"	NA	"2026-03-16 16:20:34.997 Z"
"2019-12-01"	"2019-12-31"	30	"state"	4	25	false	"Hawaii"	""	"Hawaii"	"HI"	"Multi-Family (2-4 Unit)"	4	585000	-0.2277227723	0.2580645161	534800	0.08699186992	0.130814773	798	1.609763959	1.469690877	474	0.07230567595	0.1720871546	2	0	-0.5	3	0.5	0.5	5	-0.1666666667	-0.1666666667	31	-0.1142857143	-0.03125	15.5	-2	7.5	47	-431	-203	0.9981788079	0.01986424808	0.02960779322	0.5	0.5	0.5	0.2258064516	-0.08847926267	0.1320564516	0	-0.5	0	"West Region"	NA	"2026-03-16 16:20:34.997 Z"
"2024-04-01"	"2024-04-30"	30	"state"	4	6	false	"Nebraska"	""	"Nebraska"	"NE"	"Single Family Residential"	6	289300	-0.01182051353	0.03144900061	311400	0.03371772993	0.0738325428	153	0.02392644435	0.04581330921	156	0.000353984016	0.05830074597	1622	0.1163110805	0.1900220103	2020	0.1771561772	0.16359447	2259	0.09766763848	0.1908276226	3241	0.05535656138	0.1371929825	2	-0.1	-0.1	21	-11	0	0.9899267539	0.0003003271913	-0.0137346376	0.3249075216	0.02827985468	-0.101358069	0.2020981179	0.01583957016	0.06490513541	0.5143682337	-0.002720412731	-0.05406615755	"Midwest Region"	NA	"2026-03-16 16:20:34.997 Z"
"2024-05-01"	"2024-05-31"	30	"state"	4	16	false	"New York"	""	"New York"	"NY"	"Multi-Family (2-4 Unit)"	4	626900	0.01691638298	0.04039508659	624600	0.01239333935	0.07811906785	304	-0.01567804304	0.03664633022	435	-0.008613079648	0.07409270128	954	0.07311586052	-0.01037344398	1255	0.1545538178	0.007223113965	1773	0.108125	0.06614552014	4467	0.05552930057	0.01430517711	4.7	-0.1	0.1	53	2	-4	0.9839629125	0.00838038594	0.01091032041	0.320754717	0.0147929622	0.04170907383	0.1842399821	0.01599801612	-0.003770917092	0.2402754077	0.0002729226398	-0.02710718873	"Northeast Region"	NA	"2026-03-16 16:20:34.997 Z"
"2016-05-01"	"2016-05-31"	30	"state"	4	46	false	"West Virginia"	""	"West Virginia"	"WV"	"Multi-Family (2-4 Unit)"	4	46800	-0.5008	-0.4515625	138400	0.002581521739	0.02486111111	29	-0.3994094022	-0.1841162924	76	-0.005049615736	-0.01199154473	5	1.5	0.6666666667	5	1.5	0.6666666667	8	0	1	31	-0.03125	0.4761904762	6.2	-9.8	-0.8	83	-338	-104	0.9024403187	0.08537036193	0.06164537928	0	0	0	NA	NA	NA	0	0	-0.5	"South Region"	NA	"2026-03-16 16:20:34.997 Z"
"2021-06-01"	"2021-06-30"	30	"state"	4	40	false	"Vermont"	""	"Vermont"	"VT"	"Single Family Residential"	6	335800	0.01087771814	0.2915879516	319800	0.005084687353	0.1104675884	174	0.04002974512	0.241237948	185	0.04233225434	0.2052694104	866	0.4677966102	0.2336182336	984	0.03907074974	-0.2330475448	1055	0.05605605606	-0.09130060293	2211	0.05890804598	-0.2710187933	2.6	-0.9	-1.7	51	-10	-67	1.011201323	0.01692800015	0.04254878947	0.4792147806	0.1097232552	0.282633584	0.1203075531	0.03888992862	-0.003991820414	0.6320736935	-0.01129315627	0.2202042874	"Northeast Region"	NA	"2026-03-16 16:20:34.997 Z"
"2016-11-01"	"2016-11-30"	30	"state"	4	6	false	"Nebraska"	""	"Nebraska"	"NE"	"Townhouse"	13	157600	-0.04068774556	0.03328900229	168300	0.01982455644	0.01070198084	90	-0.03468881302	0.03781419344	95	0.005915776748	0.0366387547	66	-0.12	0.1	72	-0.06493506494	0.3333333333	74	0.08823529412	0.2542372881	237	-0.02066115702	0.3093922652	3.6	0.4	0.6	65	28	17	0.9854077695	-0.006444041285	0.004927664812	0.1515151515	-0.08848484848	-0.01515151515	0.03797468354	-0.01987655613	-0.03937338275	0.1166811973	-0.02992687119	-0.08294215484	"Midwest Region"	NA	"2026-03-16 16:20:34.997 Z"
"2013-04-01"	"2013-04-30"	30	"state"	4	26	false	"Pennsylvania"	""	"Pennsylvania"	"PA"	"All Residential"	-1	165100	0.02903808423	0.01264857969	188600	0.009784211711	0.03657228484	103	0.03003414259	0.04403423031	113	0.01480742023	0.04670782879	9394	0.1457494816	0.1686986813	9987	0.1334695267	0.1710834897	17141	0.1808349408	0.1794536572	50947	0.07202676542	-0.05352233039	5.4	-0.4	-1.3	112	-18	-28	0.9540605903	0.005487299258	0.006499384202	0.1190121354	0.008266922575	0.01761875397	0.1034997154	0.01779565008	-0.003266280002	0.05301355542	-0.00128748942	0.0138882893	"Northeast Region"	NA	"2026-03-16 16:20:34.997 Z"
"2014-05-01"	"2014-05-31"	30	"state"	4	8	false	"Nevada"	""	"Nevada"	"NV"	"Townhouse"	13	127500	-0.05555555556	0.1971830986	195000	0.0005130836326	0.1538461538	90	-0.05026521849	0.1530271393	110	0.003584767905	0.1188211127	237	-0.02469135802	-0.1474820144	377	0.008021390374	0.1493902439	309	0.0618556701	0.03344481605	1014	-0.00782778865	0.0273556231	4.3	0.1	0.7	59	-6	-3	0.9830096496	0.003582440621	-0.02662551114	0.1856540084	-0.02422253477	-0.2100294448	0.1627218935	0.01203696198	0.09078673645	0.3342175066	0.07753301465	-0.1810263958	"West Region"	NA	"2026-03-16 16:20:34.997 Z"
"2022-03-01"	"2022-03-31"	30	"state"	4	50	false	"Wyoming"	""	"Wyoming"	"WY"	"Multi-Family (2-4 Unit)"	4	192400	-0.1541208791	-0.02308905649	299000	0.1447853348	0.2936179065	131	-0.1399760138	0.2895399737	143	0.03285127519	0.1477764214	16	0.6	1.285714286	16	0.6	1.285714286	8	0	-0.3846153846	16	-0.3333333333	-0.5428571429	1	-1.4	-4	84	6	-153	0.9814236829	-0.0006222171442	0.02580541192	0.1875	-0.1125	0.1875	NA	NA	NA	0.04545454545	-0.2462121212	-0.1468531469	"West Region"	NA	"2026-03-16 16:20:34.997 Z"
"2012-06-01"	"2012-06-30"	30	"state"	4	33	false	"Iowa"	""	"Iowa"	"IA"	"Condo/Co-op"	3	125700	-0.02100198545	-0.0452687837	158500	-0.05857064178	0.01869494673	96	-0.02111638073	-0.02415071416	113	-0.01355143205	0.07090422969	146	0.1060606061	0.168	144	0.1076923077	0.152	169	0.1655172414	0.6568627451	903	0.03912543153	0.3357988166	6.2	-0.4	0.8	110	-42	-4	0.965503549	0.007577710212	0.0007588905785	0.1369863014	0.02334993773	0.04098630137	NA	NA	NA	0	0	-0.02495543672	"Midwest Region"	NA	"2026-03-16 16:20:34.997 Z"
"2021-07-01"	"2021-07-31"	30	"state"	4	5	false	"Arizona"	""	"Arizona"	"AZ"	"Townhouse"	13	299900	0.002753260454	0.2614151132	416200	0.0129188151	0.2543741878	229	-0.005545888831	0.2689213302	235	0.01382747298	0.2596701872	1109	-0.1611195159	-0.09395424837	1203	-0.06888544892	-0.1250909091	1225	-0.04072043853	0.004098360656	1503	0.05696202532	-0.2101944298	1.4	0.3	-0.2	29	0	-16	1.017303164	-0.005264473131	0.02641141783	0.5040577096	-0.06175167008	0.2442537881	0.1683300067	0.03893478865	0.01909196146	0.6289158464	-0.03561223856	0.1014962793	"West Region"	NA	"2026-03-16 16:20:34.997 Z"
"2014-07-01"	"2014-07-31"	30	"state"	4	25	false	"Hawaii"	""	"Hawaii"	"HI"	"Condo/Co-op"	3	350800	-0.04615749857	0.04695277869	520000	0.09231048252	0.0918439364	453	-0.01273959736	0.01185911407	446	0.03132024597	0.0367741563	559	0.03518518519	0.1793248945	554	0.03745318352	0.1812366738	774	-0.03731343284	0.1621621622	3112	0.03526280772	0.1886936593	5.6	0	0.1	110	0	-28	0.9774869325	0.004392914361	0.001628852553	0.1592128801	0.03699065792	-0.005344081882	NA	NA	NA	0.01458095656	0.002716267345	0.009424284737	"West Region"	NA	"2026-03-16 16:20:34.997 Z"
"2023-06-01"	"2023-06-30"	30	"state"	4	35	false	"Kansas"	""	"Kansas"	"KS"	"Single Family Residential"	6	284600	0.0267045926	0.03013568701	266000	-0.002570749092	0.04077800297	141	0.00875818603	0.03710079784	137	-0.004043281104	0.05083680526	3572	0.1124260355	-0.06979166667	2187	0.02627874237	-0.0361392684	3606	0.04370477569	-0.1333813987	3292	0.04807386183	-0.1907571288	0.9	-0.1	-0.2	20	-4	-5	0.9860697947	-0.006353350804	-0.04298769935	0.2147505423	-0.02365024743	-0.05602001302	0.280072904	0.03238108612	0.2063265913	0.5265873036	-0.004274290182	0.09047637298	"Midwest Region"	NA	"2026-03-16 16:20:34.997 Z"
"2025-12-01"	"2025-12-31"	30	"state"	4	26	false	"Pennsylvania"	""	"Pennsylvania"	"PA"	"All Residential"	-1	305700	-0.007468211216	0.0579911981	280500	-0.03563787658	0.03853789553	178	-0.001997260895	0.02660174363	176	-0.01855820681	0.03793303384	11113	0.1273077703	0.06691628264	8137	-0.2277688147	-0.01285939585	6755	-0.3035364471	-0.01040140639	25356	-0.1458887729	0.04924273773	2.3	-0.7	0	41	4	3	0.9825624932	-0.0007589255263	-9.633266166e-05	0.2758930982	-0.007937293387	-0.007517040076	0.1934847768	-0.07417446801	0.002886415445	0.3048775801	-0.09097778826	-0.02743332834	"Northeast Region"	NA	"2026-03-16 16:20:34.997 Z"
"2021-10-01"	"2021-10-31"	30	"state"	4	50	false	"Wyoming"	""	"Wyoming"	"WY"	"Single Family Residential"	6	425500	0.08151224258	-0.03154772542	339100	-0.2239628365	-0.008371181158	170	0.02815419757	0.1484915778	171	-0.2025948744	0.04717879267	699	-0.08865710561	-0.1628742515	701	-0.08842652796	-0.1430317848	560	-0.1011235955	-0.04761904762	1922	-0.06699029126	-0.1647109952	2.7	0	-0.1	68	8	-24	0.965806837	-0.01866335349	0.00331116239	0.09298998569	0.005636661052	0.04149297971	NA	NA	NA	0.01855826373	0.00501174613	0.006287881515	"West Region"	NA	"2026-03-16 16:20:34.997 Z"
"2013-08-01"	"2013-08-31"	30	"state"	4	25	false	"Hawaii"	""	"Hawaii"	"HI"	"Single Family Residential"	6	557400	0.09095537192	0.1265758161	430400	-0.07107534296	0.03128674848	360	0.06423444132	0.1623012169	376	-0.05529160518	0.02914775533	615	0.1495327103	0.234939759	608	0.1471698113	0.2258064516	644	-0.006172839506	0.1925925926	2988	-0.01968503937	-0.05830444374	4.9	-0.8	-1.5	116	-9	-22	0.9788255267	-0.001632643534	0.01169599612	0.2390243902	0.001641212674	0.05428543442	0.0003346720214	NA	NA	0.01572555751	-0.01210741221	0.002084718869	"West Region"	NA	"2026-03-16 16:20:34.997 Z"
"2023-03-01"	"2023-03-31"	30	"state"	4	37	false	"Kentucky"	""	"Kentucky"	"KY"	"Condo/Co-op"	3	201300	0.06208101405	0.05572120346	267400	0.05117633098	0.06983175138	154	0.01106498333	0.001729211018	161	0.03401321482	0.06100719869	233	0.45625	-0.0790513834	240	0.1764705882	-0.1946308725	236	0.3563218391	-0.2080536913	311	0.006472491909	0.06872852234	1.3	-0.6	0.1	23	-5	4	0.9878622157	0.002608610398	-0.0111479672	0.2360515021	0.07980150215	-0.1433951382	0.1575562701	0.02163394	0.02009922542	0.6061558913	0.04248365996	-0.07929246349	"South Region"	NA	"2026-03-16 16:20:34.997 Z"
"2018-12-01"	"2018-12-31"	30	"state"	4	32	false	"South Dakota"	""	"South Dakota"	"SD"	"All Residential"	-1	200100	-0.005239265087	0.06472896523	201000	0.001685447542	0.0357265139	111	-0.006453312961	0.04333846444	117	0.03613408867	0.06368778341	580	-0.2338177015	-0.2457737321	573	-0.2349799733	-0.25	365	-0.3663194444	-0.1204819277	2488	-0.1021291952	0.01097114994	4.3	0.6	1.1	85	10	7	0.9783361306	-0.0004151974287	0.005716568802	0.1603448276	-0.01534869949	-0.006105107394	NA	NA	NA	0.01413894325	0.007882013393	-0.006335827043	"Midwest Region"	NA	"2026-03-16 16:20:34.997 Z"
"2017-08-01"	"2017-08-31"	30	"state"	4	4	false	"Montana"	""	"Montana"	"MT"	"Multi-Family (2-4 Unit)"	4	286300	-0.1953560773	-0.1183237301	254400	0.04750853652	-0.04585061268	105	-0.1683579082	-0.3594926731	137	-0.08332471994	0.03311176669	13	0	-0.4090909091	13	0	-0.4090909091	16	-0.3333333333	-0.1111111111	64	0.03225806452	0.06666666667	4.9	0.1	2.2	107	-44	44	NA	NA	NA	0	0	0	NA	NA	NA	0	-0.03333333333	-0.04074074074	"West Region"	NA	"2026-03-16 16:20:34.997 Z"
"2019-06-01"	"2019-06-30"	30	"state"	4	10	false	"New Hampshire"	""	"New Hampshire"	"NH"	"All Residential"	-1	295500	0.04337893842	0.0676080107	294800	-0.01632073634	0.05150645732	156	0.02139093308	0.04588793936	159	-0.004141144725	0.05679948669	2481	0.08863536639	-0.07906458797	2921	-0.01483979764	-0.02045606975	3202	-0.1112961421	-0.0681024447	7805	0.06436656212	-0.09664351852	3.1	-0.1	-0.1	49	-4	-4	0.9881617144	0.0005559546416	-0.0009385329276	0.4091092301	0.02955679487	0.01267270454	0.1786034593	0.00786842591	-0.006813207346	0.5171351874	-0.02330311854	0.03424175549	"Northeast Region"	NA	"2026-03-16 16:20:34.997 Z"
"2012-07-01"	"2012-07-31"	30	"state"	4	5	false	"Arizona"	""	"Arizona"	"AZ"	"Townhouse"	13	104000	0.03451937589	0.2799736921	161400	0.00032111503	0.2220529687	81	0.02480318003	0.2795612412	95	0.01789429753	0.2621690691	736	-0.1238095238	-0.08	926	-0.07492507493	-0.1574158326	891	-0.003355704698	0.08262454435	2444	0.0268907563	-0.247073321	3.3	0.5	-0.8	54	0	-15	0.9967640715	0.005081955298	0.02939234979	0.3220108696	0.001772774327	0.1232608696	0.1117021277	0.007920615055	-0.06020175404	0.3637801581	0.00923951561	0.1669811027	"West Region"	NA	"2026-03-16 16:20:34.997 Z"
"2014-11-01"	"2014-11-30"	30	"state"	4	16	false	"New York"	""	"New York"	"NY"	"All Residential"	-1	212000	0.05467233648	0.02603437448	220600	0.01003648614	0.02666746462	136	0.03236089113	0.0184766224	136	-0.008345521208	0.002832319612	6718	-0.2294987957	0.002237803968	6540	-0.2403298873	-0.0645115148	6800	-0.3251959909	0.001915426551	59508	-0.06696561564	0.05482584419	8.9	1.6	0.5	125	7	0	0.9492251957	-0.0009354735378	0.0005725274846	0.1292051206	-0.005672732393	-0.007748482293	0.04767426228	-0.01866418768	0.0161755474	0.01323412481	0.002074689416	0.004699329385	"Northeast Region"	NA	"2026-03-16 16:20:34.997 Z"
"2020-05-01"	"2020-05-31"	30	"state"	4	41	false	"Maine"	""	"Maine"	"ME"	"All Residential"	-1	229700	-0.03984240451	0.01065603703	263400	0.03326180701	0.07907185763	144	-0.03875049117	-0.003329787892	157	-0.01456511642	0.05992856238	1517	0.1669230769	-0.2349974786	2472	0.5836002562	-0.05105566219	2439	0.6163021869	-0.3053261179	4657	0.01437595295	-0.2851880276	3.1	-0.4	-0.2	32	-6	1	0.9718831525	-0.006683830526	-0.002786352967	0.2715886618	-0.009180568937	0.01793258518	0.1651277647	0.04358561698	-0.05712856689	0.4365357792	0.048585977	0.001915167895	"Northeast Region"	NA	"2026-03-16 16:20:34.997 Z"
"2015-05-01"	"2015-05-31"	30	"state"	4	49	false	"Minnesota"	""	"Minnesota"	"MN"	"Multi-Family (2-4 Unit)"	4	192300	0.09238483474	0.1177432628	235400	0.02694344622	0.03427749135	98	0.03172187569	0.1510146057	126	0.01551270105	0.01513741972	149	0.3669724771	0.3423423423	172	-0.2037037037	0.4956521739	209	-0.07111111111	0.1807909605	495	0.07843137255	0.253164557	3.3	-0.9	-0.3	41	-8	-47	0.9790013603	-0.01795622546	0.008886753764	0.1879194631	-0.1423557663	-0.06433278917	0.1818181818	-0.0229748465	-0.08653624856	0.4664308232	0.08001361079	0.1543022738	"Midwest Region"	NA	"2026-03-16 16:20:34.997 Z"
